{
    "Baidu Scholar.js": "百度学术",
    "BiliBili.js": "哔哩吡哩视频",
    "CNKI.js": "中国知网(新版)",
    "GFSOSO.js": "谷粉搜搜学术",
    "ProQuestCN Thesis.js": "ProQuest学位论文(中国)",
    "Soopat.js": "Soopat专利网站",
    "SuperLib.js": "全国图书馆联盟",
    "Wanfang Data.js": "万方数据",
    "WeiPu.js": "维普",
    "Wenjin.js":"国家图书馆文津搜索",
    "Weixin.js": "微信公众号文章",
    "PatentStar.js": "专利之星",
    "Zhihu.js": "知乎",
    "Duxiu.js": "读秀",
    "Douban.js": "豆瓣读书",
    "Dangdang.js": "当当图书",
    "Jd.js": "京东图书",
    "Ncpssd.js": "国家哲学社会科学文献中心",
    "Nlc.cn.js": "国图-中国标准在线服务网",
    "Spc.org.cn.js": "中国标准在线服务网"
}